__v,_id,itemIds,username
42,645d0bb31ab69bb948b338ef,"[1,2,3,1,3,5,3,5,7,1,2,1,2,1,2,2,3,2,3,1,2,2,1,1,2,2,1,2,2,1,2,2,1,2,1,2,1,2,2,3,6,8,{""acquisitionDate"":{""$date"":""2023-05-11T17:41:03.473Z""},""_id"":{""$oid"":""645d28afdcfe790c3c137e59""}}]",newaccount
8,645d2943b6af966ac7872d45,"[{""acquisitionDate"":{""$date"":""2023-05-11T17:43:31.022Z""},""_id"":{""$oid"":""645d2943b6af966ac7872d46""}},{""acquisitionDate"":{""$date"":""2023-05-11T17:48:13.298Z""},""_id"":{""$oid"":""645d2a5db6af966ac7872d5c""}},{""acquisitionDate"":{""$date"":""2023-05-11T17:53:03.003Z""},""_id"":{""$oid"":""645d2b7fb6af966ac7872d6d""}},{""acquisitionDate"":{""$date"":""2023-05-11T17:54:50.173Z""},""_id"":{""$oid"":""645d2beab6af966ac7872d88""}},{""acquisitionDate"":{""$date"":""2023-05-11T17:54:50.190Z""},""_id"":{""$oid"":""645d2beab6af966ac7872d8e""}},{""acquisitionDate"":{""$date"":""2023-05-11T17:54:50.903Z""},""_id"":{""$oid"":""645d2beab6af966ac7872d9a""}},{""item"":1,""_id"":{""$oid"":""645d2cd9612dccc97c5a8df0""},""acquisitionDate"":{""$date"":""2023-05-11T17:58:49.138Z""}},{""item"":2,""_id"":{""$oid"":""645d2d0d612dccc97c5a8e08""},""acquisitionDate"":{""$date"":""2023-05-11T17:59:41.245Z""}},{""item"":4,""_id"":{""$oid"":""645d2d6b488d1547e74f5690""},""acquisitionDate"":{""$date"":""2023-05-11T18:01:15.110Z""}}]",dateaccount
0,645d2db8488d1547e74f56ab,"[{""acquisitionDate"":{""$date"":""2023-05-11T18:02:32.211Z""},""_id"":{""$oid"":""645d2db8488d1547e74f56ac""}}]",neww3
1,645d2def488d1547e74f56bf,"[{""acquisitionDate"":{""$date"":""2023-05-11T18:03:27.621Z""},""_id"":{""$oid"":""645d2def488d1547e74f56c0""}},{""item"":1,""_id"":{""$oid"":""645d2eaf488d1547e74f56cc""},""acquisitionDate"":{""$date"":""2023-05-11T18:06:39.259Z""}}]",new4
25,645d2ed6e52a8d397a0da72e,"[{""item"":1,""_id"":{""$oid"":""645d2ed6e52a8d397a0da72f""},""acquisitionDate"":{""$date"":""2023-05-11T18:07:18.532Z""}},{""item"":2,""_id"":{""$oid"":""645d2f1ee52a8d397a0da73d""},""acquisitionDate"":{""$date"":""2023-05-11T18:08:30.389Z""}},{""item"":1,""_id"":{""$oid"":""645d3143e52a8d397a0da76c""},""acquisitionDate"":{""$date"":""2023-05-11T18:17:39.376Z""}},{""item"":1,""_id"":{""$oid"":""645d3484e52a8d397a0da7d5""},""acquisitionDate"":{""$date"":""2023-05-11T18:31:32.458Z""}},{""item"":6,""_id"":{""$oid"":""645d3484e52a8d397a0da7da""},""acquisitionDate"":{""$date"":""2023-05-11T18:31:32.473Z""}},{""item"":4,""_id"":{""$oid"":""645d35fde52a8d397a0da855""},""acquisitionDate"":{""$date"":""2023-05-11T18:37:49.659Z""}},{""item"":9,""_id"":{""$oid"":""645d3603e52a8d397a0da864""},""acquisitionDate"":{""$date"":""2023-05-11T18:37:55.987Z""}},{""item"":3,""_id"":{""$oid"":""645d360fe52a8d397a0da884""},""acquisitionDate"":{""$date"":""2023-05-11T18:38:07.650Z""}},{""item"":10,""_id"":{""$oid"":""645d36c9e52a8d397a0da8cb""},""acquisitionDate"":{""$date"":""2023-05-11T18:41:13.165Z""}},{""item"":7,""_id"":{""$oid"":""645d48afe52a8d397a0dad4e""},""acquisitionDate"":{""$date"":""2023-05-11T19:57:35.857Z""}},{""item"":1,""_id"":{""$oid"":""645d4e15e52a8d397a0db021""},""acquisitionDate"":{""$date"":""2023-05-11T20:20:37.704Z""}},{""item"":8,""_id"":{""$oid"":""645d4f46e52a8d397a0db149""},""acquisitionDate"":{""$date"":""2023-05-11T20:25:42.961Z""}},{""item"":8,""_id"":{""$oid"":""645d4f46e52a8d397a0db156""},""acquisitionDate"":{""$date"":""2023-05-11T20:25:42.964Z""}},{""item"":8,""_id"":{""$oid"":""645d4f46e52a8d397a0db163""},""acquisitionDate"":{""$date"":""2023-05-11T20:25:42.967Z""}},{""item"":8,""_id"":{""$oid"":""645d4f46e52a8d397a0db170""},""acquisitionDate"":{""$date"":""2023-05-11T20:25:42.972Z""}},{""item"":4,""_id"":{""$oid"":""645d4f77e52a8d397a0db1aa""},""acquisitionDate"":{""$date"":""2023-05-11T20:26:31.640Z""}},{""item"":5,""_id"":{""$oid"":""645d4f80e52a8d397a0db1ce""},""acquisitionDate"":{""$date"":""2023-05-11T20:26:40.697Z""}},{""item"":5,""_id"":{""$oid"":""645d4f80e52a8d397a0db1e0""},""acquisitionDate"":{""$date"":""2023-05-11T20:26:40.699Z""}},{""item"":5,""_id"":{""$oid"":""645d4f80e52a8d397a0db216""},""acquisitionDate"":{""$date"":""2023-05-11T20:26:40.707Z""}},{""item"":5,""_id"":{""$oid"":""645d4f80e52a8d397a0db204""},""acquisitionDate"":{""$date"":""2023-05-11T20:26:40.704Z""}},{""item"":5,""_id"":{""$oid"":""645d4f80e52a8d397a0db1f2""},""acquisitionDate"":{""$date"":""2023-05-11T20:26:40.702Z""}},{""item"":6,""_id"":{""$oid"":""645d4f89e52a8d397a0db23e""},""acquisitionDate"":{""$date"":""2023-05-11T20:26:49.813Z""}},{""item"":6,""_id"":{""$oid"":""645d4f89e52a8d397a0db255""},""acquisitionDate"":{""$date"":""2023-05-11T20:26:49.817Z""}},{""item"":6,""_id"":{""$oid"":""645d4f89e52a8d397a0db26c""},""acquisitionDate"":{""$date"":""2023-05-11T20:26:49.823Z""}},{""item"":6,""_id"":{""$oid"":""645d4f89e52a8d397a0db283""},""acquisitionDate"":{""$date"":""2023-05-11T20:26:49.827Z""}},{""item"":3,""_id"":{""$oid"":""645d5014e52a8d397a0db2a9""},""acquisitionDate"":{""$date"":""2023-05-11T20:29:08.373Z""}}]",new5
49,645d53f2e52a8d397a0db524,"[{""item"":2,""_id"":{""$oid"":""645d53f2e52a8d397a0db525""},""acquisitionDate"":{""$date"":""2023-05-11T20:45:38.556Z""}},{""item"":6,""_id"":{""$oid"":""645d5408e52a8d397a0db534""},""acquisitionDate"":{""$date"":""2023-05-11T20:46:00.715Z""}},{""item"":3,""_id"":{""$oid"":""645d5434e52a8d397a0db548""},""acquisitionDate"":{""$date"":""2023-05-11T20:46:44.431Z""}},{""item"":3,""_id"":{""$oid"":""645d5434e52a8d397a0db54c""},""acquisitionDate"":{""$date"":""2023-05-11T20:46:44.433Z""}},{""item"":2,""_id"":{""$oid"":""645d58ba4e043c5f00ccf571""},""acquisitionDate"":{""$date"":""2023-05-11T21:06:02.395Z""}},{""item"":3,""_id"":{""$oid"":""645d58eb4e043c5f00ccf58b""},""acquisitionDate"":{""$date"":""2023-05-11T21:06:51.681Z""}},{""item"":4,""_id"":{""$oid"":""645d58eb4e043c5f00ccf593""},""acquisitionDate"":{""$date"":""2023-05-11T21:06:51.706Z""}},{""item"":4,""_id"":{""$oid"":""645d58eb4e043c5f00ccf59b""},""acquisitionDate"":{""$date"":""2023-05-11T21:06:51.711Z""}},{""item"":5,""_id"":{""$oid"":""645d58eb4e043c5f00ccf5a8""},""acquisitionDate"":{""$date"":""2023-05-11T21:06:51.875Z""}},{""item"":4,""_id"":{""$oid"":""645d58ec4e043c5f00ccf5b6""},""acquisitionDate"":{""$date"":""2023-05-11T21:06:52.397Z""}},{""item"":1,""_id"":{""$oid"":""645d59094e043c5f00ccf601""},""acquisitionDate"":{""$date"":""2023-05-11T21:07:21.870Z""}},{""item"":1,""_id"":{""$oid"":""645d59094e043c5f00ccf60d""},""acquisitionDate"":{""$date"":""2023-05-11T21:07:21.874Z""}},{""item"":1,""_id"":{""$oid"":""645d59094e043c5f00ccf619""},""acquisitionDate"":{""$date"":""2023-05-11T21:07:21.881Z""}},{""item"":1,""_id"":{""$oid"":""645d59094e043c5f00ccf625""},""acquisitionDate"":{""$date"":""2023-05-11T21:07:21.886Z""}},{""item"":1,""_id"":{""$oid"":""645d59094e043c5f00ccf631""},""acquisitionDate"":{""$date"":""2023-05-11T21:07:21.894Z""}},{""item"":1,""_id"":{""$oid"":""645d59094e043c5f00ccf63d""},""acquisitionDate"":{""$date"":""2023-05-11T21:07:21.904Z""}},{""item"":1,""_id"":{""$oid"":""645d590a4e043c5f00ccf655""},""acquisitionDate"":{""$date"":""2023-05-11T21:07:22.069Z""}},{""item"":1,""_id"":{""$oid"":""645d590a4e043c5f00ccf667""},""acquisitionDate"":{""$date"":""2023-05-11T21:07:22.073Z""}},{""item"":3,""_id"":{""$oid"":""645d590a4e043c5f00ccf67a""},""acquisitionDate"":{""$date"":""2023-05-11T21:07:22.130Z""}},{""item"":3,""_id"":{""$oid"":""645d590a4e043c5f00ccf68c""},""acquisitionDate"":{""$date"":""2023-05-11T21:07:22.133Z""}},{""item"":3,""_id"":{""$oid"":""645d590a4e043c5f00ccf6a1""},""acquisitionDate"":{""$date"":""2023-05-11T21:07:22.174Z""}},{""item"":5,""_id"":{""$oid"":""645d590a4e043c5f00ccf6bc""},""acquisitionDate"":{""$date"":""2023-05-11T21:07:22.269Z""}},{""item"":5,""_id"":{""$oid"":""645d590a4e043c5f00ccf6d3""},""acquisitionDate"":{""$date"":""2023-05-11T21:07:22.276Z""}},{""item"":5,""_id"":{""$oid"":""645d590a4e043c5f00ccf6eb""},""acquisitionDate"":{""$date"":""2023-05-11T21:07:22.328Z""}},{""item"":5,""_id"":{""$oid"":""645d590a4e043c5f00ccf702""},""acquisitionDate"":{""$date"":""2023-05-11T21:07:22.334Z""}},{""item"":5,""_id"":{""$oid"":""645d590a4e043c5f00ccf719""},""acquisitionDate"":{""$date"":""2023-05-11T21:07:22.339Z""}},{""item"":5,""_id"":{""$oid"":""645d590a4e043c5f00ccf734""},""acquisitionDate"":{""$date"":""2023-05-11T21:07:22.394Z""}},{""item"":4,""_id"":{""$oid"":""645d5a014e043c5f00ccf832""},""acquisitionDate"":{""$date"":""2023-05-11T21:11:29.178Z""}},{""item"":4,""_id"":{""$oid"":""645d5a014e043c5f00ccf84f""},""acquisitionDate"":{""$date"":""2023-05-11T21:11:29.190Z""}},{""item"":4,""_id"":{""$oid"":""645d5a014e043c5f00ccf86c""},""acquisitionDate"":{""$date"":""2023-05-11T21:11:29.199Z""}},{""item"":4,""_id"":{""$oid"":""645d5a014e043c5f00ccf889""},""acquisitionDate"":{""$date"":""2023-05-11T21:11:29.206Z""}},{""item"":4,""_id"":{""$oid"":""645d5a014e043c5f00ccf8a6""},""acquisitionDate"":{""$date"":""2023-05-11T21:11:29.214Z""}},{""item"":4,""_id"":{""$oid"":""645d5a014e043c5f00ccf8c3""},""acquisitionDate"":{""$date"":""2023-05-11T21:11:29.220Z""}},{""item"":4,""_id"":{""$oid"":""645d5a014e043c5f00ccf8ec""},""acquisitionDate"":{""$date"":""2023-05-11T21:11:29.388Z""}},{""item"":5,""_id"":{""$oid"":""645d5a014e043c5f00ccf910""},""acquisitionDate"":{""$date"":""2023-05-11T21:11:29.444Z""}},{""item"":5,""_id"":{""$oid"":""645d5a014e043c5f00ccf933""},""acquisitionDate"":{""$date"":""2023-05-11T21:11:29.448Z""}},{""item"":5,""_id"":{""$oid"":""645d5a014e043c5f00ccf956""},""acquisitionDate"":{""$date"":""2023-05-11T21:11:29.459Z""}},{""item"":5,""_id"":{""$oid"":""645d5a014e043c5f00ccf97c""},""acquisitionDate"":{""$date"":""2023-05-11T21:11:29.499Z""}},{""item"":5,""_id"":{""$oid"":""645d5a014e043c5f00ccf9a5""},""acquisitionDate"":{""$date"":""2023-05-11T21:11:29.558Z""}},{""item"":5,""_id"":{""$oid"":""645d5a014e043c5f00ccf9cd""},""acquisitionDate"":{""$date"":""2023-05-11T21:11:29.589Z""}},{""item"":5,""_id"":{""$oid"":""645d5a014e043c5f00ccf9f6""},""acquisitionDate"":{""$date"":""2023-05-11T21:11:29.641Z""}},{""item"":6,""_id"":{""$oid"":""645d5a014e043c5f00ccfa20""},""acquisitionDate"":{""$date"":""2023-05-11T21:11:29.664Z""}},{""item"":6,""_id"":{""$oid"":""645d5a014e043c5f00ccfa4c""},""acquisitionDate"":{""$date"":""2023-05-11T21:11:29.694Z""}},{""item"":6,""_id"":{""$oid"":""645d5a014e043c5f00ccfa77""},""acquisitionDate"":{""$date"":""2023-05-11T21:11:29.749Z""}},{""item"":6,""_id"":{""$oid"":""645d5a014e043c5f00ccfaa4""},""acquisitionDate"":{""$date"":""2023-05-11T21:11:29.766Z""}},{""item"":6,""_id"":{""$oid"":""645d5a014e043c5f00ccfad0""},""acquisitionDate"":{""$date"":""2023-05-11T21:11:29.782Z""}},{""item"":6,""_id"":{""$oid"":""645d5a014e043c5f00ccfaff""},""acquisitionDate"":{""$date"":""2023-05-11T21:11:29.847Z""}},{""item"":6,""_id"":{""$oid"":""645d5a014e043c5f00ccfb31""},""acquisitionDate"":{""$date"":""2023-05-11T21:11:29.880Z""}},{""item"":6,""_id"":{""$oid"":""645d5a014e043c5f00ccfb62""},""acquisitionDate"":{""$date"":""2023-05-11T21:11:29.891Z""}},{""item"":6,""_id"":{""$oid"":""645d5a014e043c5f00ccfb93""},""acquisitionDate"":{""$date"":""2023-05-11T21:11:29.947Z""}}]",msgcheck
1,645d585a214d485e887e6726,"[{""item"":1,""_id"":{""$oid"":""645d585a214d485e887e6727""},""acquisitionDate"":{""$date"":""2023-05-11T21:04:26.825Z""}},{""item"":3,""_id"":{""$oid"":""645d585a214d485e887e6730""},""acquisitionDate"":{""$date"":""2023-05-11T21:04:26.948Z""}}]",novaconta
16,645d5a724e043c5f00ccfbc9,"[{""item"":1,""_id"":{""$oid"":""645d5a724e043c5f00ccfbca""},""acquisitionDate"":{""$date"":""2023-05-11T21:13:22.217Z""}},{""item"":1,""_id"":{""$oid"":""645d5b59315862d405ff2efe""},""acquisitionDate"":{""$date"":""2023-05-11T21:17:13.336Z""}},{""item"":1,""_id"":{""$oid"":""645d5b59315862d405ff2f01""},""acquisitionDate"":{""$date"":""2023-05-11T21:17:13.345Z""}},{""item"":1,""_id"":{""$oid"":""645d5b59315862d405ff2f04""},""acquisitionDate"":{""$date"":""2023-05-11T21:17:13.350Z""}},{""item"":1,""_id"":{""$oid"":""645d5b59315862d405ff2f07""},""acquisitionDate"":{""$date"":""2023-05-11T21:17:13.353Z""}},{""item"":1,""_id"":{""$oid"":""645d5b59315862d405ff2f0a""},""acquisitionDate"":{""$date"":""2023-05-11T21:17:13.355Z""}},{""item"":1,""_id"":{""$oid"":""645d5b59315862d405ff2f18""},""acquisitionDate"":{""$date"":""2023-05-11T21:17:13.557Z""}},{""item"":2,""_id"":{""$oid"":""645d5b59315862d405ff2f20""},""acquisitionDate"":{""$date"":""2023-05-11T21:17:13.590Z""}},{""item"":2,""_id"":{""$oid"":""645d5b59315862d405ff2f28""},""acquisitionDate"":{""$date"":""2023-05-11T21:17:13.594Z""}},{""item"":2,""_id"":{""$oid"":""645d5b59315862d405ff2f31""},""acquisitionDate"":{""$date"":""2023-05-11T21:17:13.636Z""}},{""item"":4,""_id"":{""$oid"":""645d5b59315862d405ff2f42""},""acquisitionDate"":{""$date"":""2023-05-11T21:17:13.754Z""}},{""item"":4,""_id"":{""$oid"":""645d5b59315862d405ff2f4e""},""acquisitionDate"":{""$date"":""2023-05-11T21:17:13.783Z""}},{""item"":8,""_id"":{""$oid"":""645d5b59315862d405ff2f5a""},""acquisitionDate"":{""$date"":""2023-05-11T21:17:13.793Z""}},{""item"":8,""_id"":{""$oid"":""645d5b59315862d405ff2f67""},""acquisitionDate"":{""$date"":""2023-05-11T21:17:13.831Z""}},{""item"":8,""_id"":{""$oid"":""645d5b59315862d405ff2f79""},""acquisitionDate"":{""$date"":""2023-05-11T21:17:13.898Z""}},{""item"":8,""_id"":{""$oid"":""645d5b59315862d405ff2f89""},""acquisitionDate"":{""$date"":""2023-05-11T21:17:13.950Z""}},{""item"":1,""_id"":{""$oid"":""645d5b59315862d405ff2f9b""},""acquisitionDate"":{""$date"":""2023-05-11T21:17:13.993Z""}}]",testbiblioteca
107,645d5b8d315862d405ff2ff3,"[{""item"":1,""_id"":{""$oid"":""645d5b8d315862d405ff2ff4""},""acquisitionDate"":{""$date"":""2023-05-11T21:18:05.180Z""}},{""item"":2,""_id"":{""$oid"":""645d5bf893f8ffb8cf489713""},""acquisitionDate"":{""$date"":""2023-05-11T21:19:52.383Z""}},{""item"":2,""_id"":{""$oid"":""645d5bf893f8ffb8cf489719""},""acquisitionDate"":{""$date"":""2023-05-11T21:19:52.399Z""}},{""item"":2,""_id"":{""$oid"":""645d5bf893f8ffb8cf489716""},""acquisitionDate"":{""$date"":""2023-05-11T21:19:52.395Z""}},{""item"":2,""_id"":{""$oid"":""645d5bf893f8ffb8cf48971c""},""acquisitionDate"":{""$date"":""2023-05-11T21:19:52.404Z""}},{""item"":2,""_id"":{""$oid"":""645d5bf893f8ffb8cf48971f""},""acquisitionDate"":{""$date"":""2023-05-11T21:19:52.409Z""}},{""item"":2,""_id"":{""$oid"":""645d5bf893f8ffb8cf48972c""},""acquisitionDate"":{""$date"":""2023-05-11T21:19:52.593Z""}},{""item"":2,""_id"":{""$oid"":""645d5bf893f8ffb8cf489734""},""acquisitionDate"":{""$date"":""2023-05-11T21:19:52.604Z""}},{""item"":2,""_id"":{""$oid"":""645d5bf893f8ffb8cf48973c""},""acquisitionDate"":{""$date"":""2023-05-11T21:19:52.607Z""}},{""item"":2,""_id"":{""$oid"":""645d5bf893f8ffb8cf48974c""},""acquisitionDate"":{""$date"":""2023-05-11T21:19:52.613Z""}},{""item"":2,""_id"":{""$oid"":""645d5bf893f8ffb8cf489744""},""acquisitionDate"":{""$date"":""2023-05-11T21:19:52.610Z""}},{""item"":3,""_id"":{""$oid"":""645d5bf893f8ffb8cf48975f""},""acquisitionDate"":{""$date"":""2023-05-11T21:19:52.872Z""}},{""item"":3,""_id"":{""$oid"":""645d5bf893f8ffb8cf48976c""},""acquisitionDate"":{""$date"":""2023-05-11T21:19:52.875Z""}},{""item"":3,""_id"":{""$oid"":""645d5bf893f8ffb8cf489779""},""acquisitionDate"":{""$date"":""2023-05-11T21:19:52.879Z""}},{""item"":3,""_id"":{""$oid"":""645d5bf893f8ffb8cf489787""},""acquisitionDate"":{""$date"":""2023-05-11T21:19:52.888Z""}},{""item"":3,""_id"":{""$oid"":""645d5bf893f8ffb8cf489796""},""acquisitionDate"":{""$date"":""2023-05-11T21:19:52.981Z""}},{""item"":3,""_id"":{""$oid"":""645d5bf993f8ffb8cf4897ab""},""acquisitionDate"":{""$date"":""2023-05-11T21:19:53.077Z""}},{""item"":3,""_id"":{""$oid"":""645d5bf993f8ffb8cf4897bd""},""acquisitionDate"":{""$date"":""2023-05-11T21:19:53.085Z""}},{""item"":3,""_id"":{""$oid"":""645d5bf993f8ffb8cf4897d0""},""acquisitionDate"":{""$date"":""2023-05-11T21:19:53.089Z""}},{""item"":3,""_id"":{""$oid"":""645d5bf993f8ffb8cf4897e2""},""acquisitionDate"":{""$date"":""2023-05-11T21:19:53.092Z""}},{""item"":2,""_id"":{""$oid"":""645d5bf993f8ffb8cf4897f4""},""acquisitionDate"":{""$date"":""2023-05-11T21:19:53.158Z""}},{""item"":3,""_id"":{""$oid"":""645d5bf993f8ffb8cf489809""},""acquisitionDate"":{""$date"":""2023-05-11T21:19:53.186Z""}},{""item"":4,""_id"":{""$oid"":""645d5bf993f8ffb8cf489824""},""acquisitionDate"":{""$date"":""2023-05-11T21:19:53.278Z""}},{""item"":4,""_id"":{""$oid"":""645d5bf993f8ffb8cf48983c""},""acquisitionDate"":{""$date"":""2023-05-11T21:19:53.289Z""}},{""item"":4,""_id"":{""$oid"":""645d5bf993f8ffb8cf489854""},""acquisitionDate"":{""$date"":""2023-05-11T21:19:53.293Z""}},{""item"":4,""_id"":{""$oid"":""645d5bf993f8ffb8cf48986e""},""acquisitionDate"":{""$date"":""2023-05-11T21:19:53.355Z""}},{""item"":4,""_id"":{""$oid"":""645d5bf993f8ffb8cf48988b""},""acquisitionDate"":{""$date"":""2023-05-11T21:19:53.396Z""}},{""item"":4,""_id"":{""$oid"":""645d5bf993f8ffb8cf4898a6""},""acquisitionDate"":{""$date"":""2023-05-11T21:19:53.405Z""}},{""item"":4,""_id"":{""$oid"":""645d5bf993f8ffb8cf4898c4""},""acquisitionDate"":{""$date"":""2023-05-11T21:19:53.475Z""}},{""item"":4,""_id"":{""$oid"":""645d5bf993f8ffb8cf4898e0""},""acquisitionDate"":{""$date"":""2023-05-11T21:19:53.486Z""}},{""item"":4,""_id"":{""$oid"":""645d5bf993f8ffb8cf4898ff""},""acquisitionDate"":{""$date"":""2023-05-11T21:19:53.509Z""}},{""item"":4,""_id"":{""$oid"":""645d5bf993f8ffb8cf48991e""},""acquisitionDate"":{""$date"":""2023-05-11T21:19:53.555Z""}},{""item"":1,""_id"":{""$oid"":""645d5c0793f8ffb8cf489953""},""acquisitionDate"":{""$date"":""2023-05-11T21:20:07.539Z""}},{""item"":2,""_id"":{""$oid"":""645d5c0793f8ffb8cf489976""},""acquisitionDate"":{""$date"":""2023-05-11T21:20:07.555Z""}},{""item"":3,""_id"":{""$oid"":""645d5c0793f8ffb8cf489999""},""acquisitionDate"":{""$date"":""2023-05-11T21:20:07.570Z""}},{""item"":4,""_id"":{""$oid"":""645d5c0793f8ffb8cf4899c0""},""acquisitionDate"":{""$date"":""2023-05-11T21:20:07.671Z""}},{""item"":1,""_id"":{""$oid"":""645d5c9293f8ffb8cf489a71""},""acquisitionDate"":{""$date"":""2023-05-11T21:22:26.012Z""}},{""item"":1,""_id"":{""$oid"":""645d5c9293f8ffb8cf489a97""},""acquisitionDate"":{""$date"":""2023-05-11T21:22:26.020Z""}},{""item"":1,""_id"":{""$oid"":""645d5c9293f8ffb8cf489abd""},""acquisitionDate"":{""$date"":""2023-05-11T21:22:26.031Z""}},{""item"":1,""_id"":{""$oid"":""645d5c9293f8ffb8cf489ae3""},""acquisitionDate"":{""$date"":""2023-05-11T21:22:26.037Z""}},{""item"":1,""_id"":{""$oid"":""645d5c9293f8ffb8cf489b09""},""acquisitionDate"":{""$date"":""2023-05-11T21:22:26.042Z""}},{""item"":2,""_id"":{""$oid"":""645d5c9293f8ffb8cf489b3b""},""acquisitionDate"":{""$date"":""2023-05-11T21:22:26.218Z""}},{""item"":2,""_id"":{""$oid"":""645d5c9293f8ffb8cf489b67""},""acquisitionDate"":{""$date"":""2023-05-11T21:22:26.229Z""}},{""item"":2,""_id"":{""$oid"":""645d5c9293f8ffb8cf489b92""},""acquisitionDate"":{""$date"":""2023-05-11T21:22:26.237Z""}},{""item"":2,""_id"":{""$oid"":""645d5c9293f8ffb8cf489bbd""},""acquisitionDate"":{""$date"":""2023-05-11T21:22:26.245Z""}},{""item"":2,""_id"":{""$oid"":""645d5c9293f8ffb8cf489be8""},""acquisitionDate"":{""$date"":""2023-05-11T21:22:26.291Z""}},{""item"":3,""_id"":{""$oid"":""645d5c9293f8ffb8cf489c1e""},""acquisitionDate"":{""$date"":""2023-05-11T21:22:26.420Z""}},{""item"":3,""_id"":{""$oid"":""645d5c9293f8ffb8cf489c4e""},""acquisitionDate"":{""$date"":""2023-05-11T21:22:26.424Z""}},{""item"":3,""_id"":{""$oid"":""645d5c9293f8ffb8cf489cae""},""acquisitionDate"":{""$date"":""2023-05-11T21:22:26.436Z""}},{""item"":3,""_id"":{""$oid"":""645d5c9293f8ffb8cf489cde""},""acquisitionDate"":{""$date"":""2023-05-11T21:22:26.444Z""}},{""item"":3,""_id"":{""$oid"":""645d5c9293f8ffb8cf489c7e""},""acquisitionDate"":{""$date"":""2023-05-11T21:22:26.427Z""}},{""item"":4,""_id"":{""$oid"":""645d5c9293f8ffb8cf489d19""},""acquisitionDate"":{""$date"":""2023-05-11T21:22:26.678Z""}},{""item"":4,""_id"":{""$oid"":""645d5c9293f8ffb8cf489d4e""},""acquisitionDate"":{""$date"":""2023-05-11T21:22:26.686Z""}},{""item"":4,""_id"":{""$oid"":""645d5c9293f8ffb8cf489d83""},""acquisitionDate"":{""$date"":""2023-05-11T21:22:26.694Z""}},{""item"":4,""_id"":{""$oid"":""645d5c9293f8ffb8cf489db8""},""acquisitionDate"":{""$date"":""2023-05-11T21:22:26.708Z""}},{""item"":4,""_id"":{""$oid"":""645d5c9293f8ffb8cf489ded""},""acquisitionDate"":{""$date"":""2023-05-11T21:22:26.716Z""}},{""item"":2,""_id"":{""$oid"":""645d5cdf93f8ffb8cf489e36""},""acquisitionDate"":{""$date"":""2023-05-11T21:23:43.969Z""}},{""item"":2,""_id"":{""$oid"":""645d5cdf93f8ffb8cf489e70""},""acquisitionDate"":{""$date"":""2023-05-11T21:23:43.979Z""}},{""item"":1,""_id"":{""$oid"":""645d5d1893f8ffb8cf489f18""},""acquisitionDate"":{""$date"":""2023-05-11T21:24:40.130Z""}},{""item"":1,""_id"":{""$oid"":""645d5d1893f8ffb8cf489f54""},""acquisitionDate"":{""$date"":""2023-05-11T21:24:40.142Z""}},{""item"":1,""_id"":{""$oid"":""645d5d1893f8ffb8cf489f90""},""acquisitionDate"":{""$date"":""2023-05-11T21:24:40.150Z""}},{""item"":1,""_id"":{""$oid"":""645d5d1893f8ffb8cf489fcc""},""acquisitionDate"":{""$date"":""2023-05-11T21:24:40.159Z""}},{""item"":1,""_id"":{""$oid"":""645d5d1893f8ffb8cf48a008""},""acquisitionDate"":{""$date"":""2023-05-11T21:24:40.168Z""}},{""item"":1,""_id"":{""$oid"":""645d5d1893f8ffb8cf48a044""},""acquisitionDate"":{""$date"":""2023-05-11T21:24:40.184Z""}},{""item"":1,""_id"":{""$oid"":""645d5d1893f8ffb8cf48a08b""},""acquisitionDate"":{""$date"":""2023-05-11T21:24:40.334Z""}},{""item"":1,""_id"":{""$oid"":""645d5d1893f8ffb8cf48a0cd""},""acquisitionDate"":{""$date"":""2023-05-11T21:24:40.343Z""}},{""item"":1,""_id"":{""$oid"":""645d5d1893f8ffb8cf48a10f""},""acquisitionDate"":{""$date"":""2023-05-11T21:24:40.365Z""}},{""item"":1,""_id"":{""$oid"":""645d5d1893f8ffb8cf48a151""},""acquisitionDate"":{""$date"":""2023-05-11T21:24:40.369Z""}},{""item"":2,""_id"":{""$oid"":""645d5d1893f8ffb8cf48a19d""},""acquisitionDate"":{""$date"":""2023-05-11T21:24:40.550Z""}},{""item"":2,""_id"":{""$oid"":""645d5d1893f8ffb8cf48a1e3""},""acquisitionDate"":{""$date"":""2023-05-11T21:24:40.558Z""}},{""item"":2,""_id"":{""$oid"":""645d5d1893f8ffb8cf48a229""},""acquisitionDate"":{""$date"":""2023-05-11T21:24:40.565Z""}},{""item"":2,""_id"":{""$oid"":""645d5d1893f8ffb8cf48a270""},""acquisitionDate"":{""$date"":""2023-05-11T21:24:40.574Z""}},{""item"":2,""_id"":{""$oid"":""645d5d1893f8ffb8cf48a2b6""},""acquisitionDate"":{""$date"":""2023-05-11T21:24:40.580Z""}},{""item"":2,""_id"":{""$oid"":""645d5d1893f8ffb8cf48a2ff""},""acquisitionDate"":{""$date"":""2023-05-11T21:24:40.669Z""}},{""item"":2,""_id"":{""$oid"":""645d5d1893f8ffb8cf48a34e""},""acquisitionDate"":{""$date"":""2023-05-11T21:24:40.747Z""}},{""item"":2,""_id"":{""$oid"":""645d5d1893f8ffb8cf48a399""},""acquisitionDate"":{""$date"":""2023-05-11T21:24:40.771Z""}},{""item"":2,""_id"":{""$oid"":""645d5d1893f8ffb8cf48a3e5""},""acquisitionDate"":{""$date"":""2023-05-11T21:24:40.776Z""}},{""item"":2,""_id"":{""$oid"":""645d5d1893f8ffb8cf48a431""},""acquisitionDate"":{""$date"":""2023-05-11T21:24:40.784Z""}},{""item"":4,""_id"":{""$oid"":""645d5d1893f8ffb8cf48a486""},""acquisitionDate"":{""$date"":""2023-05-11T21:24:40.883Z""}},{""item"":4,""_id"":{""$oid"":""645d5d1893f8ffb8cf48a4d6""},""acquisitionDate"":{""$date"":""2023-05-11T21:24:40.894Z""}},{""item"":4,""_id"":{""$oid"":""645d5d1893f8ffb8cf48a527""},""acquisitionDate"":{""$date"":""2023-05-11T21:24:40.944Z""}},{""item"":4,""_id"":{""$oid"":""645d5d1893f8ffb8cf48a577""},""acquisitionDate"":{""$date"":""2023-05-11T21:24:40.972Z""}},{""item"":4,""_id"":{""$oid"":""645d5d1893f8ffb8cf48a5c7""},""acquisitionDate"":{""$date"":""2023-05-11T21:24:40.979Z""}},{""item"":4,""_id"":{""$oid"":""645d5d1893f8ffb8cf48a61a""},""acquisitionDate"":{""$date"":""2023-05-11T21:24:40.993Z""}},{""item"":4,""_id"":{""$oid"":""645d5d1993f8ffb8cf48a675""},""acquisitionDate"":{""$date"":""2023-05-11T21:24:41.105Z""}},{""item"":4,""_id"":{""$oid"":""645d5d1993f8ffb8cf48a6cc""},""acquisitionDate"":{""$date"":""2023-05-11T21:24:41.146Z""}},{""item"":4,""_id"":{""$oid"":""645d5d1993f8ffb8cf48a722""},""acquisitionDate"":{""$date"":""2023-05-11T21:24:41.178Z""}},{""item"":4,""_id"":{""$oid"":""645d5d1993f8ffb8cf48a778""},""acquisitionDate"":{""$date"":""2023-05-11T21:24:41.187Z""}},{""item"":6,""_id"":{""$oid"":""645d5d1993f8ffb8cf48a7ce""},""acquisitionDate"":{""$date"":""2023-05-11T21:24:41.209Z""}},{""item"":6,""_id"":{""$oid"":""645d5d1993f8ffb8cf48a82f""},""acquisitionDate"":{""$date"":""2023-05-11T21:24:41.369Z""}},{""item"":6,""_id"":{""$oid"":""645d5d1993f8ffb8cf48a88a""},""acquisitionDate"":{""$date"":""2023-05-11T21:24:41.382Z""}},{""item"":6,""_id"":{""$oid"":""645d5d1993f8ffb8cf48a8e5""},""acquisitionDate"":{""$date"":""2023-05-11T21:24:41.396Z""}},{""item"":6,""_id"":{""$oid"":""645d5d1993f8ffb8cf48a940""},""acquisitionDate"":{""$date"":""2023-05-11T21:24:41.406Z""}},{""item"":6,""_id"":{""$oid"":""645d5d1993f8ffb8cf48a99b""},""acquisitionDate"":{""$date"":""2023-05-11T21:24:41.417Z""}},{""item"":6,""_id"":{""$oid"":""645d5d1993f8ffb8cf48a9f6""},""acquisitionDate"":{""$date"":""2023-05-11T21:24:41.431Z""}},{""item"":6,""_id"":{""$oid"":""645d5d1993f8ffb8cf48aa5d""},""acquisitionDate"":{""$date"":""2023-05-11T21:24:41.576Z""}},{""item"":6,""_id"":{""$oid"":""645d5d1993f8ffb8cf48aabe""},""acquisitionDate"":{""$date"":""2023-05-11T21:24:41.585Z""}},{""item"":6,""_id"":{""$oid"":""645d5d1993f8ffb8cf48ab1f""},""acquisitionDate"":{""$date"":""2023-05-11T21:24:41.593Z""}},{""item"":10,""_id"":{""$oid"":""645d5d1993f8ffb8cf48ab81""},""acquisitionDate"":{""$date"":""2023-05-11T21:24:41.624Z""}},{""item"":10,""_id"":{""$oid"":""645d5d1993f8ffb8cf48abe2""},""acquisitionDate"":{""$date"":""2023-05-11T21:24:41.646Z""}},{""item"":10,""_id"":{""$oid"":""645d5d1993f8ffb8cf48ac49""},""acquisitionDate"":{""$date"":""2023-05-11T21:24:41.713Z""}},{""item"":10,""_id"":{""$oid"":""645d5d1993f8ffb8cf48acb1""},""acquisitionDate"":{""$date"":""2023-05-11T21:24:41.771Z""}},{""item"":10,""_id"":{""$oid"":""645d5d1993f8ffb8cf48ad17""},""acquisitionDate"":{""$date"":""2023-05-11T21:24:41.782Z""}},{""item"":10,""_id"":{""$oid"":""645d5d1993f8ffb8cf48ad7d""},""acquisitionDate"":{""$date"":""2023-05-11T21:24:41.793Z""}},{""item"":10,""_id"":{""$oid"":""645d5d1993f8ffb8cf48ade5""},""acquisitionDate"":{""$date"":""2023-05-11T21:24:41.823Z""}},{""item"":10,""_id"":{""$oid"":""645d5d1993f8ffb8cf48ae4c""},""acquisitionDate"":{""$date"":""2023-05-11T21:24:41.842Z""}},{""item"":10,""_id"":{""$oid"":""645d5d1993f8ffb8cf48aeb9""},""acquisitionDate"":{""$date"":""2023-05-11T21:24:41.911Z""}},{""item"":10,""_id"":{""$oid"":""645d5d1993f8ffb8cf48af25""},""acquisitionDate"":{""$date"":""2023-05-11T21:24:41.969Z""}}]",test1
66,645d5dad93f8ffb8cf48afa9,"[{""item"":1,""_id"":{""$oid"":""645d5dad93f8ffb8cf48afaa""},""acquisitionDate"":{""$date"":""2023-05-11T21:27:09.185Z""}},{""item"":1,""_id"":{""$oid"":""645d5e3a22b9ba00a6d2723a""},""acquisitionDate"":{""$date"":""2023-05-11T21:29:30.770Z""}},{""item"":1,""_id"":{""$oid"":""645d5e3a22b9ba00a6d2723d""},""acquisitionDate"":{""$date"":""2023-05-11T21:29:30.779Z""}},{""item"":1,""_id"":{""$oid"":""645d5e3a22b9ba00a6d27240""},""acquisitionDate"":{""$date"":""2023-05-11T21:29:30.786Z""}},{""item"":1,""_id"":{""$oid"":""645d5e3a22b9ba00a6d27243""},""acquisitionDate"":{""$date"":""2023-05-11T21:29:30.791Z""}},{""item"":1,""_id"":{""$oid"":""645d5e3a22b9ba00a6d27246""},""acquisitionDate"":{""$date"":""2023-05-11T21:29:30.798Z""}},{""item"":1,""_id"":{""$oid"":""645d5e3a22b9ba00a6d27253""},""acquisitionDate"":{""$date"":""2023-05-11T21:29:30.975Z""}},{""item"":1,""_id"":{""$oid"":""645d5e3a22b9ba00a6d2725b""},""acquisitionDate"":{""$date"":""2023-05-11T21:29:30.995Z""}},{""item"":1,""_id"":{""$oid"":""645d5e3b22b9ba00a6d27263""},""acquisitionDate"":{""$date"":""2023-05-11T21:29:31.006Z""}},{""item"":1,""_id"":{""$oid"":""645d5e3b22b9ba00a6d2726b""},""acquisitionDate"":{""$date"":""2023-05-11T21:29:31.012Z""}},{""item"":1,""_id"":{""$oid"":""645d5e3b22b9ba00a6d27273""},""acquisitionDate"":{""$date"":""2023-05-11T21:29:31.017Z""}},{""item"":1,""_id"":{""$oid"":""645d5e3b22b9ba00a6d27283""},""acquisitionDate"":{""$date"":""2023-05-11T21:29:31.181Z""}},{""item"":1,""_id"":{""$oid"":""645d5e3b22b9ba00a6d27290""},""acquisitionDate"":{""$date"":""2023-05-11T21:29:31.206Z""}},{""item"":2,""_id"":{""$oid"":""645d5e3b22b9ba00a6d272a4""},""acquisitionDate"":{""$date"":""2023-05-11T21:29:31.395Z""}},{""item"":2,""_id"":{""$oid"":""645d5e3b22b9ba00a6d272b4""},""acquisitionDate"":{""$date"":""2023-05-11T21:29:31.406Z""}},{""item"":2,""_id"":{""$oid"":""645d5e3b22b9ba00a6d272c3""},""acquisitionDate"":{""$date"":""2023-05-11T21:29:31.411Z""}},{""item"":2,""_id"":{""$oid"":""645d5e3b22b9ba00a6d272d2""},""acquisitionDate"":{""$date"":""2023-05-11T21:29:31.419Z""}},{""item"":2,""_id"":{""$oid"":""645d5e3b22b9ba00a6d272e2""},""acquisitionDate"":{""$date"":""2023-05-11T21:29:31.494Z""}},{""item"":1,""_id"":{""$oid"":""645d5e3b22b9ba00a6d272f9""},""acquisitionDate"":{""$date"":""2023-05-11T21:29:31.533Z""}},{""item"":2,""_id"":{""$oid"":""645d5e3b22b9ba00a6d2730d""},""acquisitionDate"":{""$date"":""2023-05-11T21:29:31.592Z""}},{""item"":2,""_id"":{""$oid"":""645d5e3b22b9ba00a6d27321""},""acquisitionDate"":{""$date"":""2023-05-11T21:29:31.598Z""}},{""item"":2,""_id"":{""$oid"":""645d5e3b22b9ba00a6d27336""},""acquisitionDate"":{""$date"":""2023-05-11T21:29:31.606Z""}},{""item"":2,""_id"":{""$oid"":""645d5e3b22b9ba00a6d2734a""},""acquisitionDate"":{""$date"":""2023-05-11T21:29:31.614Z""}},{""item"":2,""_id"":{""$oid"":""645d5e3b22b9ba00a6d27362""},""acquisitionDate"":{""$date"":""2023-05-11T21:29:31.696Z""}},{""item"":2,""_id"":{""$oid"":""645d5e3b22b9ba00a6d2737f""},""acquisitionDate"":{""$date"":""2023-05-11T21:29:31.732Z""}},{""item"":2,""_id"":{""$oid"":""645d5e3b22b9ba00a6d27399""},""acquisitionDate"":{""$date"":""2023-05-11T21:29:31.793Z""}},{""item"":2,""_id"":{""$oid"":""645d5e3b22b9ba00a6d273b3""},""acquisitionDate"":{""$date"":""2023-05-11T21:29:31.804Z""}},{""item"":2,""_id"":{""$oid"":""645d5e3b22b9ba00a6d273cd""},""acquisitionDate"":{""$date"":""2023-05-11T21:29:31.809Z""}},{""item"":2,""_id"":{""$oid"":""645d5e3b22b9ba00a6d273e8""},""acquisitionDate"":{""$date"":""2023-05-11T21:29:31.817Z""}},{""item"":2,""_id"":{""$oid"":""645d5e3b22b9ba00a6d27409""},""acquisitionDate"":{""$date"":""2023-05-11T21:29:31.912Z""}},{""item"":3,""_id"":{""$oid"":""645d5e3b22b9ba00a6d2742b""},""acquisitionDate"":{""$date"":""2023-05-11T21:29:31.992Z""}},{""item"":3,""_id"":{""$oid"":""645d5e3b22b9ba00a6d2744a""},""acquisitionDate"":{""$date"":""2023-05-11T21:29:31.998Z""}},{""item"":3,""_id"":{""$oid"":""645d5e3c22b9ba00a6d2746a""},""acquisitionDate"":{""$date"":""2023-05-11T21:29:32.008Z""}},{""item"":3,""_id"":{""$oid"":""645d5e3c22b9ba00a6d2748b""},""acquisitionDate"":{""$date"":""2023-05-11T21:29:32.020Z""}},{""item"":3,""_id"":{""$oid"":""645d5e3c22b9ba00a6d274ab""},""acquisitionDate"":{""$date"":""2023-05-11T21:29:32.035Z""}},{""item"":3,""_id"":{""$oid"":""645d5e3c22b9ba00a6d274d0""},""acquisitionDate"":{""$date"":""2023-05-11T21:29:32.109Z""}},{""item"":3,""_id"":{""$oid"":""645d5e3c22b9ba00a6d274f8""},""acquisitionDate"":{""$date"":""2023-05-11T21:29:32.198Z""}},{""item"":3,""_id"":{""$oid"":""645d5e3c22b9ba00a6d2751d""},""acquisitionDate"":{""$date"":""2023-05-11T21:29:32.205Z""}},{""item"":3,""_id"":{""$oid"":""645d5e3c22b9ba00a6d27543""},""acquisitionDate"":{""$date"":""2023-05-11T21:29:32.212Z""}},{""item"":3,""_id"":{""$oid"":""645d5e3c22b9ba00a6d27569""},""acquisitionDate"":{""$date"":""2023-05-11T21:29:32.218Z""}},{""item"":3,""_id"":{""$oid"":""645d5e3c22b9ba00a6d27590""},""acquisitionDate"":{""$date"":""2023-05-11T21:29:32.257Z""}},{""item"":3,""_id"":{""$oid"":""645d5e3c22b9ba00a6d275bc""},""acquisitionDate"":{""$date"":""2023-05-11T21:29:32.319Z""}},{""item"":4,""_id"":{""$oid"":""645d5e3c22b9ba00a6d275ea""},""acquisitionDate"":{""$date"":""2023-05-11T21:29:32.422Z""}},{""item"":4,""_id"":{""$oid"":""645d5e3c22b9ba00a6d27616""},""acquisitionDate"":{""$date"":""2023-05-11T21:29:32.430Z""}},{""item"":4,""_id"":{""$oid"":""645d5e3c22b9ba00a6d27645""},""acquisitionDate"":{""$date"":""2023-05-11T21:29:32.461Z""}},{""item"":4,""_id"":{""$oid"":""645d5e3c22b9ba00a6d27672""},""acquisitionDate"":{""$date"":""2023-05-11T21:29:32.532Z""}},{""item"":4,""_id"":{""$oid"":""645d5e3c22b9ba00a6d276a1""},""acquisitionDate"":{""$date"":""2023-05-11T21:29:32.540Z""}},{""item"":4,""_id"":{""$oid"":""645d5e3c22b9ba00a6d276cf""},""acquisitionDate"":{""$date"":""2023-05-11T21:29:32.548Z""}},{""item"":4,""_id"":{""$oid"":""645d5e3c22b9ba00a6d27700""},""acquisitionDate"":{""$date"":""2023-05-11T21:29:32.633Z""}},{""item"":4,""_id"":{""$oid"":""645d5e3c22b9ba00a6d27731""},""acquisitionDate"":{""$date"":""2023-05-11T21:29:32.657Z""}},{""item"":4,""_id"":{""$oid"":""645d5e3c22b9ba00a6d27763""},""acquisitionDate"":{""$date"":""2023-05-11T21:29:32.666Z""}},{""item"":4,""_id"":{""$oid"":""645d5e3c22b9ba00a6d2779b""},""acquisitionDate"":{""$date"":""2023-05-11T21:29:32.773Z""}},{""item"":4,""_id"":{""$oid"":""645d5e3c22b9ba00a6d277d0""},""acquisitionDate"":{""$date"":""2023-05-11T21:29:32.777Z""}},{""item"":4,""_id"":{""$oid"":""645d5e3c22b9ba00a6d27805""},""acquisitionDate"":{""$date"":""2023-05-11T21:29:32.789Z""}},{""item"":4,""_id"":{""$oid"":""645d5e3c22b9ba00a6d2783c""},""acquisitionDate"":{""$date"":""2023-05-11T21:29:32.872Z""}},{""item"":5,""_id"":{""$oid"":""645d5e3c22b9ba00a6d27875""},""acquisitionDate"":{""$date"":""2023-05-11T21:29:32.903Z""}},{""item"":5,""_id"":{""$oid"":""645d5e3c22b9ba00a6d278b0""},""acquisitionDate"":{""$date"":""2023-05-11T21:29:32.990Z""}},{""item"":5,""_id"":{""$oid"":""645d5e3c22b9ba00a6d278e9""},""acquisitionDate"":{""$date"":""2023-05-11T21:29:32.993Z""}},{""item"":5,""_id"":{""$oid"":""645d5e3d22b9ba00a6d27925""},""acquisitionDate"":{""$date"":""2023-05-11T21:29:33.021Z""}},{""item"":5,""_id"":{""$oid"":""645d5e3d22b9ba00a6d2795f""},""acquisitionDate"":{""$date"":""2023-05-11T21:29:33.061Z""}},{""item"":5,""_id"":{""$oid"":""645d5e3d22b9ba00a6d2799c""},""acquisitionDate"":{""$date"":""2023-05-11T21:29:33.098Z""}},{""item"":5,""_id"":{""$oid"":""645d5e3d22b9ba00a6d279d9""},""acquisitionDate"":{""$date"":""2023-05-11T21:29:33.103Z""}},{""item"":5,""_id"":{""$oid"":""645d5e3d22b9ba00a6d27a19""},""acquisitionDate"":{""$date"":""2023-05-11T21:29:33.186Z""}},{""item"":5,""_id"":{""$oid"":""645d5e3d22b9ba00a6d27a57""},""acquisitionDate"":{""$date"":""2023-05-11T21:29:33.194Z""}},{""item"":5,""_id"":{""$oid"":""645d5e3d22b9ba00a6d27a99""},""acquisitionDate"":{""$date"":""2023-05-11T21:29:33.221Z""}},{""item"":5,""_id"":{""$oid"":""645d5e3d22b9ba00a6d27ad9""},""acquisitionDate"":{""$date"":""2023-05-11T21:29:33.262Z""}},{""item"":5,""_id"":{""$oid"":""645d5e3d22b9ba00a6d27b1c""},""acquisitionDate"":{""$date"":""2023-05-11T21:29:33.296Z""}}]",testagain
71,645d649859d7a9376ca86ae0,"[{""item"":1,""_id"":{""$oid"":""645d649859d7a9376ca86ae1""},""acquisitionDate"":{""$date"":""2023-05-11T21:56:40.232Z""}},{""item"":2,""_id"":{""$oid"":""645d649859d7a9376ca86aea""},""acquisitionDate"":{""$date"":""2023-05-11T21:56:40.737Z""}},{""item"":2,""_id"":{""$oid"":""645d649859d7a9376ca86aed""},""acquisitionDate"":{""$date"":""2023-05-11T21:56:40.740Z""}},{""item"":2,""_id"":{""$oid"":""645d649859d7a9376ca86af0""},""acquisitionDate"":{""$date"":""2023-05-11T21:56:40.742Z""}},{""item"":2,""_id"":{""$oid"":""645d649859d7a9376ca86af3""},""acquisitionDate"":{""$date"":""2023-05-11T21:56:40.744Z""}},{""item"":2,""_id"":{""$oid"":""645d649859d7a9376ca86af6""},""acquisitionDate"":{""$date"":""2023-05-11T21:56:40.746Z""}},{""item"":2,""_id"":{""$oid"":""645d649859d7a9376ca86b03""},""acquisitionDate"":{""$date"":""2023-05-11T21:56:40.939Z""}},{""item"":2,""_id"":{""$oid"":""645d649859d7a9376ca86b0b""},""acquisitionDate"":{""$date"":""2023-05-11T21:56:40.946Z""}},{""item"":2,""_id"":{""$oid"":""645d649859d7a9376ca86b13""},""acquisitionDate"":{""$date"":""2023-05-11T21:56:40.971Z""}},{""item"":2,""_id"":{""$oid"":""645d649859d7a9376ca86b1b""},""acquisitionDate"":{""$date"":""2023-05-11T21:56:40.975Z""}},{""item"":2,""_id"":{""$oid"":""645d649859d7a9376ca86b23""},""acquisitionDate"":{""$date"":""2023-05-11T21:56:40.977Z""}},{""item"":2,""_id"":{""$oid"":""645d649959d7a9376ca86b33""},""acquisitionDate"":{""$date"":""2023-05-11T21:56:41.137Z""}},{""item"":2,""_id"":{""$oid"":""645d649959d7a9376ca86b42""},""acquisitionDate"":{""$date"":""2023-05-11T21:56:41.421Z""}},{""item"":1,""_id"":{""$oid"":""645d67b5b372c574231b9216""},""acquisitionDate"":{""$date"":""2023-05-11T22:09:57.884Z""}},{""item"":1,""_id"":{""$oid"":""645d67b5b372c574231b9225""},""acquisitionDate"":{""$date"":""2023-05-11T22:09:57.917Z""}},{""item"":1,""_id"":{""$oid"":""645d67b5b372c574231b9234""},""acquisitionDate"":{""$date"":""2023-05-11T22:09:57.929Z""}},{""item"":1,""_id"":{""$oid"":""645d67b5b372c574231b9243""},""acquisitionDate"":{""$date"":""2023-05-11T22:09:57.937Z""}},{""item"":1,""_id"":{""$oid"":""645d67b5b372c574231b9252""},""acquisitionDate"":{""$date"":""2023-05-11T22:09:57.951Z""}},{""item"":1,""_id"":{""$oid"":""645d67b6b372c574231b926b""},""acquisitionDate"":{""$date"":""2023-05-11T22:09:58.129Z""}},{""item"":1,""_id"":{""$oid"":""645d67b6b372c574231b927f""},""acquisitionDate"":{""$date"":""2023-05-11T22:09:58.139Z""}},{""item"":1,""_id"":{""$oid"":""645d67b6b372c574231b9293""},""acquisitionDate"":{""$date"":""2023-05-11T22:09:58.153Z""}},{""item"":1,""_id"":{""$oid"":""645d67b6b372c574231b92a7""},""acquisitionDate"":{""$date"":""2023-05-11T22:09:58.160Z""}},{""item"":1,""_id"":{""$oid"":""645d67b6b372c574231b92bb""},""acquisitionDate"":{""$date"":""2023-05-11T22:09:58.166Z""}},{""item"":1,""_id"":{""$oid"":""645d67b6b372c574231b92d7""},""acquisitionDate"":{""$date"":""2023-05-11T22:09:58.331Z""}},{""item"":1,""_id"":{""$oid"":""645d67b6b372c574231b930d""},""acquisitionDate"":{""$date"":""2023-05-11T22:09:58.446Z""}},{""item"":3,""_id"":{""$oid"":""645d67b6b372c574231b9327""},""acquisitionDate"":{""$date"":""2023-05-11T22:09:58.494Z""}},{""item"":3,""_id"":{""$oid"":""645d67b6b372c574231b9341""},""acquisitionDate"":{""$date"":""2023-05-11T22:09:58.501Z""}},{""item"":3,""_id"":{""$oid"":""645d67b6b372c574231b935b""},""acquisitionDate"":{""$date"":""2023-05-11T22:09:58.510Z""}},{""item"":3,""_id"":{""$oid"":""645d67b6b372c574231b9376""},""acquisitionDate"":{""$date"":""2023-05-11T22:09:58.531Z""}},{""item"":3,""_id"":{""$oid"":""645d67b6b372c574231b9395""},""acquisitionDate"":{""$date"":""2023-05-11T22:09:58.606Z""}},{""item"":3,""_id"":{""$oid"":""645d67b6b372c574231b93b7""},""acquisitionDate"":{""$date"":""2023-05-11T22:09:58.640Z""}},{""item"":3,""_id"":{""$oid"":""645d67b6b372c574231b93d6""},""acquisitionDate"":{""$date"":""2023-05-11T22:09:58.695Z""}},{""item"":3,""_id"":{""$oid"":""645d67b6b372c574231b93f6""},""acquisitionDate"":{""$date"":""2023-05-11T22:09:58.703Z""}},{""item"":3,""_id"":{""$oid"":""645d67b6b372c574231b9417""},""acquisitionDate"":{""$date"":""2023-05-11T22:09:58.718Z""}},{""item"":3,""_id"":{""$oid"":""645d67b6b372c574231b9437""},""acquisitionDate"":{""$date"":""2023-05-11T22:09:58.727Z""}},{""item"":3,""_id"":{""$oid"":""645d67b6b372c574231b945c""},""acquisitionDate"":{""$date"":""2023-05-11T22:09:58.805Z""}},{""item"":3,""_id"":{""$oid"":""645d67b6b372c574231b9484""},""acquisitionDate"":{""$date"":""2023-05-11T22:09:58.836Z""}},{""item"":4,""_id"":{""$oid"":""645d67b6b372c574231b94a9""},""acquisitionDate"":{""$date"":""2023-05-11T22:09:58.896Z""}},{""item"":4,""_id"":{""$oid"":""645d67b6b372c574231b94ce""},""acquisitionDate"":{""$date"":""2023-05-11T22:09:58.903Z""}},{""item"":4,""_id"":{""$oid"":""645d67b6b372c574231b94f5""},""acquisitionDate"":{""$date"":""2023-05-11T22:09:58.924Z""}},{""item"":4,""_id"":{""$oid"":""645d67b7b372c574231b9522""},""acquisitionDate"":{""$date"":""2023-05-11T22:09:59.009Z""}},{""item"":4,""_id"":{""$oid"":""645d67b7b372c574231b954c""},""acquisitionDate"":{""$date"":""2023-05-11T22:09:59.021Z""}},{""item"":4,""_id"":{""$oid"":""645d67b7b372c574231b9577""},""acquisitionDate"":{""$date"":""2023-05-11T22:09:59.033Z""}},{""item"":4,""_id"":{""$oid"":""645d67b7b372c574231b95a1""},""acquisitionDate"":{""$date"":""2023-05-11T22:09:59.092Z""}},{""item"":4,""_id"":{""$oid"":""645d67b7b372c574231b95cb""},""acquisitionDate"":{""$date"":""2023-05-11T22:09:59.098Z""}},{""item"":4,""_id"":{""$oid"":""645d67b7b372c574231b95f8""},""acquisitionDate"":{""$date"":""2023-05-11T22:09:59.124Z""}},{""item"":4,""_id"":{""$oid"":""645d67b7b372c574231b962a""},""acquisitionDate"":{""$date"":""2023-05-11T22:09:59.207Z""}},{""item"":4,""_id"":{""$oid"":""645d67b7b372c574231b965b""},""acquisitionDate"":{""$date"":""2023-05-11T22:09:59.229Z""}},{""item"":5,""_id"":{""$oid"":""645d67b7b372c574231b968d""},""acquisitionDate"":{""$date"":""2023-05-11T22:09:59.296Z""}},{""item"":5,""_id"":{""$oid"":""645d67b7b372c574231b96be""},""acquisitionDate"":{""$date"":""2023-05-11T22:09:59.309Z""}},{""item"":5,""_id"":{""$oid"":""645d67b7b372c574231b96ef""},""acquisitionDate"":{""$date"":""2023-05-11T22:09:59.326Z""}},{""item"":5,""_id"":{""$oid"":""645d67b7b372c574231b9723""},""acquisitionDate"":{""$date"":""2023-05-11T22:09:59.338Z""}},{""item"":5,""_id"":{""$oid"":""645d67b7b372c574231b9759""},""acquisitionDate"":{""$date"":""2023-05-11T22:09:59.422Z""}},{""item"":5,""_id"":{""$oid"":""645d67b7b372c574231b978e""},""acquisitionDate"":{""$date"":""2023-05-11T22:09:59.430Z""}},{""item"":5,""_id"":{""$oid"":""645d67b7b372c574231b97c6""},""acquisitionDate"":{""$date"":""2023-05-11T22:09:59.492Z""}},{""item"":5,""_id"":{""$oid"":""645d67b7b372c574231b97fc""},""acquisitionDate"":{""$date"":""2023-05-11T22:09:59.506Z""}},{""item"":5,""_id"":{""$oid"":""645d67b7b372c574231b9834""},""acquisitionDate"":{""$date"":""2023-05-11T22:09:59.527Z""}},{""item"":5,""_id"":{""$oid"":""645d67b7b372c574231b986c""},""acquisitionDate"":{""$date"":""2023-05-11T22:09:59.535Z""}},{""item"":5,""_id"":{""$oid"":""645d67b7b372c574231b98ac""},""acquisitionDate"":{""$date"":""2023-05-11T22:09:59.635Z""}},{""item"":6,""_id"":{""$oid"":""645d67b7b372c574231b98e9""},""acquisitionDate"":{""$date"":""2023-05-11T22:09:59.690Z""}},{""item"":6,""_id"":{""$oid"":""645d67b7b372c574231b9926""},""acquisitionDate"":{""$date"":""2023-05-11T22:09:59.715Z""}},{""item"":6,""_id"":{""$oid"":""645d67b7b372c574231b9962""},""acquisitionDate"":{""$date"":""2023-05-11T22:09:59.725Z""}},{""item"":6,""_id"":{""$oid"":""645d67b7b372c574231b99a0""},""acquisitionDate"":{""$date"":""2023-05-11T22:09:59.743Z""}},{""item"":6,""_id"":{""$oid"":""645d67b7b372c574231b99df""},""acquisitionDate"":{""$date"":""2023-05-11T22:09:59.804Z""}},{""item"":6,""_id"":{""$oid"":""645d67b7b372c574231b9a20""},""acquisitionDate"":{""$date"":""2023-05-11T22:09:59.836Z""}},{""item"":6,""_id"":{""$oid"":""645d67b7b372c574231b9a63""},""acquisitionDate"":{""$date"":""2023-05-11T22:09:59.889Z""}},{""item"":6,""_id"":{""$oid"":""645d67b7b372c574231b9aa6""},""acquisitionDate"":{""$date"":""2023-05-11T22:09:59.924Z""}},{""item"":6,""_id"":{""$oid"":""645d67b7b372c574231b9ae9""},""acquisitionDate"":{""$date"":""2023-05-11T22:09:59.934Z""}},{""item"":6,""_id"":{""$oid"":""645d67b7b372c574231b9b2d""},""acquisitionDate"":{""$date"":""2023-05-11T22:09:59.944Z""}},{""item"":6,""_id"":{""$oid"":""645d67b8b372c574231b9b72""},""acquisitionDate"":{""$date"":""2023-05-11T22:10:00Z""}},{""item"":7,""_id"":{""$oid"":""645d67b8b372c574231b9bb9""},""acquisitionDate"":{""$date"":""2023-05-11T22:10:00.037Z""}},{""item"":7,""_id"":{""$oid"":""645d67b8b372c574231b9c02""},""acquisitionDate"":{""$date"":""2023-05-11T22:10:00.086Z""}}]",testnew
55,645d68a5b372c574231b9c88,"[{""item"":1,""_id"":{""$oid"":""645d68a5b372c574231b9c89""},""acquisitionDate"":{""$date"":""2023-05-11T22:13:57.205Z""}},{""item"":2,""_id"":{""$oid"":""645d68a5b372c574231b9c94""},""acquisitionDate"":{""$date"":""2023-05-11T22:13:57.807Z""}},{""item"":2,""_id"":{""$oid"":""645d68a5b372c574231b9c97""},""acquisitionDate"":{""$date"":""2023-05-11T22:13:57.811Z""}},{""item"":2,""_id"":{""$oid"":""645d68a5b372c574231b9c9a""},""acquisitionDate"":{""$date"":""2023-05-11T22:13:57.812Z""}},{""item"":2,""_id"":{""$oid"":""645d68a5b372c574231b9c9d""},""acquisitionDate"":{""$date"":""2023-05-11T22:13:57.817Z""}},{""item"":2,""_id"":{""$oid"":""645d68a5b372c574231b9ca0""},""acquisitionDate"":{""$date"":""2023-05-11T22:13:57.820Z""}},{""item"":2,""_id"":{""$oid"":""645d68a5b372c574231b9ca3""},""acquisitionDate"":{""$date"":""2023-05-11T22:13:57.823Z""}},{""item"":2,""_id"":{""$oid"":""645d68a6b372c574231b9cb2""},""acquisitionDate"":{""$date"":""2023-05-11T22:13:58.017Z""}},{""item"":2,""_id"":{""$oid"":""645d68a6b372c574231b9cbb""},""acquisitionDate"":{""$date"":""2023-05-11T22:13:58.021Z""}},{""item"":2,""_id"":{""$oid"":""645d68a6b372c574231b9cc4""},""acquisitionDate"":{""$date"":""2023-05-11T22:13:58.023Z""}},{""item"":2,""_id"":{""$oid"":""645d68a6b372c574231b9ccd""},""acquisitionDate"":{""$date"":""2023-05-11T22:13:58.027Z""}},{""item"":2,""_id"":{""$oid"":""645d68a6b372c574231b9cd6""},""acquisitionDate"":{""$date"":""2023-05-11T22:13:58.029Z""}},{""item"":2,""_id"":{""$oid"":""645d68a6b372c574231b9cdf""},""acquisitionDate"":{""$date"":""2023-05-11T22:13:58.031Z""}},{""item"":2,""_id"":{""$oid"":""645d68a6b372c574231b9cf1""},""acquisitionDate"":{""$date"":""2023-05-11T22:13:58.211Z""}},{""item"":1,""_id"":{""$oid"":""645d6a9acf86ffab0795ead0""},""acquisitionDate"":{""$date"":""2023-05-11T22:22:18.269Z""}},{""item"":1,""_id"":{""$oid"":""645d6a9acf86ffab0795eae0""},""acquisitionDate"":{""$date"":""2023-05-11T22:22:18.292Z""}},{""item"":1,""_id"":{""$oid"":""645d6a9acf86ffab0795eaf0""},""acquisitionDate"":{""$date"":""2023-05-11T22:22:18.303Z""}},{""item"":1,""_id"":{""$oid"":""645d6a9acf86ffab0795eb00""},""acquisitionDate"":{""$date"":""2023-05-11T22:22:18.312Z""}},{""item"":1,""_id"":{""$oid"":""645d6a9acf86ffab0795eb10""},""acquisitionDate"":{""$date"":""2023-05-11T22:22:18.321Z""}},{""item"":1,""_id"":{""$oid"":""645d6a9acf86ffab0795eb2a""},""acquisitionDate"":{""$date"":""2023-05-11T22:22:18.492Z""}},{""item"":1,""_id"":{""$oid"":""645d6a9acf86ffab0795eb3f""},""acquisitionDate"":{""$date"":""2023-05-11T22:22:18.501Z""}},{""item"":1,""_id"":{""$oid"":""645d6a9acf86ffab0795eb54""},""acquisitionDate"":{""$date"":""2023-05-11T22:22:18.512Z""}},{""item"":1,""_id"":{""$oid"":""645d6a9acf86ffab0795eb69""},""acquisitionDate"":{""$date"":""2023-05-11T22:22:18.522Z""}},{""item"":1,""_id"":{""$oid"":""645d6a9acf86ffab0795eb7e""},""acquisitionDate"":{""$date"":""2023-05-11T22:22:18.533Z""}},{""item"":3,""_id"":{""$oid"":""645d6a9acf86ffab0795eb9e""},""acquisitionDate"":{""$date"":""2023-05-11T22:22:18.781Z""}},{""item"":3,""_id"":{""$oid"":""645d6a9acf86ffab0795ebb8""},""acquisitionDate"":{""$date"":""2023-05-11T22:22:18.786Z""}},{""item"":3,""_id"":{""$oid"":""645d6a9acf86ffab0795ebd2""},""acquisitionDate"":{""$date"":""2023-05-11T22:22:18.791Z""}},{""item"":3,""_id"":{""$oid"":""645d6a9acf86ffab0795ebec""},""acquisitionDate"":{""$date"":""2023-05-11T22:22:18.797Z""}},{""item"":3,""_id"":{""$oid"":""645d6a9acf86ffab0795ec0c""},""acquisitionDate"":{""$date"":""2023-05-11T22:22:18.893Z""}},{""item"":3,""_id"":{""$oid"":""645d6a9acf86ffab0795ec2c""},""acquisitionDate"":{""$date"":""2023-05-11T22:22:18.977Z""}},{""item"":3,""_id"":{""$oid"":""645d6a9acf86ffab0795ec4a""},""acquisitionDate"":{""$date"":""2023-05-11T22:22:18.982Z""}},{""item"":1,""_id"":{""$oid"":""645d6a9acf86ffab0795ec68""},""acquisitionDate"":{""$date"":""2023-05-11T22:22:18.989Z""}},{""item"":3,""_id"":{""$oid"":""645d6a9acf86ffab0795ec87""},""acquisitionDate"":{""$date"":""2023-05-11T22:22:18.993Z""}},{""item"":3,""_id"":{""$oid"":""645d6a9acf86ffab0795eca6""},""acquisitionDate"":{""$date"":""2023-05-11T22:22:18.998Z""}},{""item"":3,""_id"":{""$oid"":""645d6a9bcf86ffab0795ecce""},""acquisitionDate"":{""$date"":""2023-05-11T22:22:19.096Z""}},{""item"":4,""_id"":{""$oid"":""645d6a9bcf86ffab0795ecf3""},""acquisitionDate"":{""$date"":""2023-05-11T22:22:19.179Z""}},{""item"":4,""_id"":{""$oid"":""645d6a9bcf86ffab0795ed18""},""acquisitionDate"":{""$date"":""2023-05-11T22:22:19.189Z""}},{""item"":4,""_id"":{""$oid"":""645d6a9bcf86ffab0795ed3c""},""acquisitionDate"":{""$date"":""2023-05-11T22:22:19.194Z""}},{""item"":4,""_id"":{""$oid"":""645d6a9bcf86ffab0795ed62""},""acquisitionDate"":{""$date"":""2023-05-11T22:22:19.202Z""}},{""item"":4,""_id"":{""$oid"":""645d6a9bcf86ffab0795ed87""},""acquisitionDate"":{""$date"":""2023-05-11T22:22:19.275Z""}},{""item"":4,""_id"":{""$oid"":""645d6a9bcf86ffab0795edb0""},""acquisitionDate"":{""$date"":""2023-05-11T22:22:19.293Z""}},{""item"":4,""_id"":{""$oid"":""645d6a9bcf86ffab0795eddd""},""acquisitionDate"":{""$date"":""2023-05-11T22:22:19.377Z""}},{""item"":4,""_id"":{""$oid"":""645d6a9bcf86ffab0795ee09""},""acquisitionDate"":{""$date"":""2023-05-11T22:22:19.390Z""}},{""item"":4,""_id"":{""$oid"":""645d6a9bcf86ffab0795ee34""},""acquisitionDate"":{""$date"":""2023-05-11T22:22:19.393Z""}},{""item"":4,""_id"":{""$oid"":""645d6a9bcf86ffab0795ee5f""},""acquisitionDate"":{""$date"":""2023-05-11T22:22:19.401Z""}},{""item"":4,""_id"":{""$oid"":""645d6a9bcf86ffab0795ee8b""},""acquisitionDate"":{""$date"":""2023-05-11T22:22:19.475Z""}},{""item"":5,""_id"":{""$oid"":""645d6a9bcf86ffab0795eebc""},""acquisitionDate"":{""$date"":""2023-05-11T22:22:19.500Z""}},{""item"":5,""_id"":{""$oid"":""645d6a9bcf86ffab0795eeee""},""acquisitionDate"":{""$date"":""2023-05-11T22:22:19.587Z""}},{""item"":5,""_id"":{""$oid"":""645d6a9bcf86ffab0795ef1f""},""acquisitionDate"":{""$date"":""2023-05-11T22:22:19.598Z""}},{""item"":5,""_id"":{""$oid"":""645d6a9bcf86ffab0795ef50""},""acquisitionDate"":{""$date"":""2023-05-11T22:22:19.610Z""}},{""item"":5,""_id"":{""$oid"":""645d6a9bcf86ffab0795ef82""},""acquisitionDate"":{""$date"":""2023-05-11T22:22:19.673Z""}},{""item"":5,""_id"":{""$oid"":""645d6a9bcf86ffab0795efb3""},""acquisitionDate"":{""$date"":""2023-05-11T22:22:19.686Z""}},{""item"":5,""_id"":{""$oid"":""645d6a9bcf86ffab0795efe9""},""acquisitionDate"":{""$date"":""2023-05-11T22:22:19.718Z""}},{""item"":5,""_id"":{""$oid"":""645d6a9bcf86ffab0795f022""},""acquisitionDate"":{""$date"":""2023-05-11T22:22:19.805Z""}},{""item"":5,""_id"":{""$oid"":""645d6a9bcf86ffab0795f058""},""acquisitionDate"":{""$date"":""2023-05-11T22:22:19.814Z""}},{""item"":5,""_id"":{""$oid"":""645d6a9bcf86ffab0795f08f""},""acquisitionDate"":{""$date"":""2023-05-11T22:22:19.831Z""}}]",bruh
5,645d6ac1cf86ffab0795f0ab,"[{""item"":1,""_id"":{""$oid"":""645d6ac1cf86ffab0795f0ac""},""acquisitionDate"":{""$date"":""2023-05-11T22:22:57.787Z""}},{""item"":2,""_id"":{""$oid"":""645d6ac2cf86ffab0795f0b2""},""acquisitionDate"":{""$date"":""2023-05-11T22:22:58.394Z""}},{""item"":1,""_id"":{""$oid"":""645d6ad2cf86ffab0795f0c1""},""acquisitionDate"":{""$date"":""2023-05-11T22:23:14.378Z""}},{""item"":3,""_id"":{""$oid"":""645d6ad2cf86ffab0795f0c6""},""acquisitionDate"":{""$date"":""2023-05-11T22:23:14.392Z""}},{""item"":4,""_id"":{""$oid"":""645d6ad2cf86ffab0795f0cb""},""acquisitionDate"":{""$date"":""2023-05-11T22:23:14.410Z""}},{""item"":5,""_id"":{""$oid"":""645d6ad2cf86ffab0795f0d5""},""acquisitionDate"":{""$date"":""2023-05-11T22:23:14.508Z""}}]",bruhagain
11,645d6b4ccf86ffab0795f157,"[{""item"":1,""_id"":{""$oid"":""645d6b4ccf86ffab0795f158""},""acquisitionDate"":{""$date"":""2023-05-11T22:25:16.245Z""}},{""item"":2,""_id"":{""$oid"":""645d6b4ccf86ffab0795f161""},""acquisitionDate"":{""$date"":""2023-05-11T22:25:16.852Z""}},{""item"":2,""_id"":{""$oid"":""645d6b4ccf86ffab0795f164""},""acquisitionDate"":{""$date"":""2023-05-11T22:25:16.856Z""}},{""item"":2,""_id"":{""$oid"":""645d6b4ccf86ffab0795f167""},""acquisitionDate"":{""$date"":""2023-05-11T22:25:16.858Z""}},{""item"":2,""_id"":{""$oid"":""645d6b4ccf86ffab0795f16a""},""acquisitionDate"":{""$date"":""2023-05-11T22:25:16.864Z""}},{""item"":2,""_id"":{""$oid"":""645d6b4ccf86ffab0795f16d""},""acquisitionDate"":{""$date"":""2023-05-11T22:25:16.868Z""}},{""item"":2,""_id"":{""$oid"":""645d6b4ccf86ffab0795f170""},""acquisitionDate"":{""$date"":""2023-05-11T22:25:16.870Z""}},{""item"":2,""_id"":{""$oid"":""645d6b4dcf86ffab0795f17f""},""acquisitionDate"":{""$date"":""2023-05-11T22:25:17.049Z""}},{""item"":2,""_id"":{""$oid"":""645d6b4dcf86ffab0795f188""},""acquisitionDate"":{""$date"":""2023-05-11T22:25:17.051Z""}},{""item"":2,""_id"":{""$oid"":""645d6b4dcf86ffab0795f191""},""acquisitionDate"":{""$date"":""2023-05-11T22:25:17.057Z""}},{""item"":2,""_id"":{""$oid"":""645d6b4dcf86ffab0795f19a""},""acquisitionDate"":{""$date"":""2023-05-11T22:25:17.062Z""}},{""item"":2,""_id"":{""$oid"":""645d6b4dcf86ffab0795f1a3""},""acquisitionDate"":{""$date"":""2023-05-11T22:25:17.069Z""}}]",bruhagain2
4,645d6bd8cf86ffab0795f1de,"[{""item"":1,""_id"":{""$oid"":""645d6bd8cf86ffab0795f1df""},""acquisitionDate"":{""$date"":""2023-05-11T22:27:36.155Z""}},{""item"":2,""_id"":{""$oid"":""645d6bd8cf86ffab0795f1e8""},""acquisitionDate"":{""$date"":""2023-05-11T22:27:36.780Z""}},{""item"":2,""_id"":{""$oid"":""645d6bd8cf86ffab0795f1eb""},""acquisitionDate"":{""$date"":""2023-05-11T22:27:36.783Z""}},{""item"":2,""_id"":{""$oid"":""645d6bd8cf86ffab0795f1ee""},""acquisitionDate"":{""$date"":""2023-05-11T22:27:36.788Z""}},{""item"":2,""_id"":{""$oid"":""645d6bd8cf86ffab0795f1f1""},""acquisitionDate"":{""$date"":""2023-05-11T22:27:36.791Z""}}]",idk
10,645d6c58cf86ffab0795f212,"[{""item"":1,""_id"":{""$oid"":""645d6c58cf86ffab0795f213""},""acquisitionDate"":{""$date"":""2023-05-11T22:29:44.334Z""}},{""item"":2,""_id"":{""$oid"":""645d6c59cf86ffab0795f21b""},""acquisitionDate"":{""$date"":""2023-05-11T22:29:45.047Z""}},{""item"":2,""_id"":{""$oid"":""645d6c59cf86ffab0795f21e""},""acquisitionDate"":{""$date"":""2023-05-11T22:29:45.050Z""}},{""item"":2,""_id"":{""$oid"":""645d6c59cf86ffab0795f221""},""acquisitionDate"":{""$date"":""2023-05-11T22:29:45.052Z""}},{""item"":1,""_id"":{""$oid"":""645d6c8bcf86ffab0795f233""},""acquisitionDate"":{""$date"":""2023-05-11T22:30:35.954Z""}},{""item"":1,""_id"":{""$oid"":""645d6c8bcf86ffab0795f245""},""acquisitionDate"":{""$date"":""2023-05-11T22:30:35.968Z""}},{""item"":1,""_id"":{""$oid"":""645d6c8bcf86ffab0795f23f""},""acquisitionDate"":{""$date"":""2023-05-11T22:30:35.966Z""}},{""item"":1,""_id"":{""$oid"":""645d6c8bcf86ffab0795f239""},""acquisitionDate"":{""$date"":""2023-05-11T22:30:35.958Z""}},{""item"":3,""_id"":{""$oid"":""645d6c8ccf86ffab0795f252""},""acquisitionDate"":{""$date"":""2023-05-11T22:30:36.076Z""}},{""item"":3,""_id"":{""$oid"":""645d6c8ccf86ffab0795f25e""},""acquisitionDate"":{""$date"":""2023-05-11T22:30:36.085Z""}},{""item"":3,""_id"":{""$oid"":""645d6c8ccf86ffab0795f268""},""acquisitionDate"":{""$date"":""2023-05-11T22:30:36.174Z""}}]",new12
3,645d6d28cf86ffab0795f28b,"[{""item"":1,""_id"":{""$oid"":""645d6d28cf86ffab0795f28c""},""acquisitionDate"":{""$date"":""2023-05-11T22:33:12.284Z""}},{""item"":2,""_id"":{""$oid"":""645d6d28cf86ffab0795f294""},""acquisitionDate"":{""$date"":""2023-05-11T22:33:12.889Z""}},{""item"":2,""_id"":{""$oid"":""645d6d28cf86ffab0795f297""},""acquisitionDate"":{""$date"":""2023-05-11T22:33:12.899Z""}},{""item"":2,""_id"":{""$oid"":""645d6d28cf86ffab0795f29a""},""acquisitionDate"":{""$date"":""2023-05-11T22:33:12.900Z""}}]",new13
2,645d6e1ecf86ffab0795f2b3,"[{""item"":1,""_id"":{""$oid"":""645d6e1ecf86ffab0795f2b4""},""acquisitionDate"":{""$date"":""2023-05-11T22:37:18.490Z""}},{""item"":2,""_id"":{""$oid"":""645d6e1fcf86ffab0795f2bb""},""acquisitionDate"":{""$date"":""2023-05-11T22:37:19.115Z""}},{""item"":2,""_id"":{""$oid"":""645d6e1fcf86ffab0795f2be""},""acquisitionDate"":{""$date"":""2023-05-11T22:37:19.118Z""}}]",wtv31
10,645d7b9ecf86ffab0795f2cf,"[{""item"":1,""_id"":{""$oid"":""645d7b9ecf86ffab0795f2d0""},""acquisitionDate"":{""$date"":""2023-05-11T23:34:54.578Z""}},{""item"":2,""_id"":{""$oid"":""645d7ba6cf86ffab0795f2da""},""acquisitionDate"":{""$date"":""2023-05-11T23:35:02.040Z""}},{""item"":5,""_id"":{""$oid"":""645d7badcf86ffab0795f2ec""},""acquisitionDate"":{""$date"":""2023-05-11T23:35:09.325Z""}},{""item"":5,""_id"":{""$oid"":""645d7badcf86ffab0795f2f0""},""acquisitionDate"":{""$date"":""2023-05-11T23:35:09.331Z""}},{""item"":6,""_id"":{""$oid"":""645d7badcf86ffab0795f2f5""},""acquisitionDate"":{""$date"":""2023-05-11T23:35:09.345Z""}},{""item"":3,""_id"":{""$oid"":""645d7bf8cf86ffab0795f310""},""acquisitionDate"":{""$date"":""2023-05-11T23:36:24.303Z""}},{""item"":1,""_id"":{""$oid"":""645e86483e5406bd687e7f6c""},""acquisitionDate"":{""$date"":""2023-05-12T18:32:40.745Z""}},{""item"":4,""_id"":{""$oid"":""645e86513e5406bd687e7f84""},""acquisitionDate"":{""$date"":""2023-05-12T18:32:49.324Z""}},{""item"":10,""_id"":{""$oid"":""645e86513e5406bd687e7f8d""},""acquisitionDate"":{""$date"":""2023-05-12T18:32:49.344Z""}},{""item"":10,""_id"":{""$oid"":""645e86513e5406bd687e7f96""},""acquisitionDate"":{""$date"":""2023-05-12T18:32:49.353Z""}},{""item"":2,""_id"":{""$oid"":""645e86c93e5406bd687e7fc6""},""acquisitionDate"":{""$date"":""2023-05-12T18:34:49.270Z""}}]",biblioteca
4,645d8f6561863a1a2c89eae1,"[{""item"":3,""_id"":{""$oid"":""645d8f6561863a1a2c89eae2""},""acquisitionDate"":{""$date"":""2023-05-12T00:59:17.109Z""}},{""item"":2,""_id"":{""$oid"":""645d90f661863a1a2c89eb0c""},""acquisitionDate"":{""$date"":""2023-05-12T01:05:58.881Z""}},{""item"":1,""_id"":{""$oid"":""645d9ec661863a1a2c89eb53""},""acquisitionDate"":{""$date"":""2023-05-12T02:04:54.730Z""}},{""item"":2,""_id"":{""$oid"":""645d9ec761863a1a2c89eb5a""},""acquisitionDate"":{""$date"":""2023-05-12T02:04:55.345Z""}},{""item"":2,""_id"":{""$oid"":""645d9ecf61863a1a2c89eb63""},""acquisitionDate"":{""$date"":""2023-05-12T02:05:03.012Z""}}]",Bruno02